{"RFWDID": "123", "LastBatchID": 3, "dataRequested": [68.09846248, 70.27986756, 71.57827558, 71.21028895, 69.17950295, 66.05200587, 62.38178465, 58.31688853, 53.70873526, 48.56951796, 43.41341257, 39.11669829, 36.36447025, 35.17487082, 34.98095013, 35.23468918, 35.9662066, 37.74680254, 41.07203881, 45.74155858, 50.81674683, 55.1960652, 58.30492366, 60.33305334, 61.85389429, 63.19051181, 64.15612753, 64.47093573, 64.38701519, 64.67502117], "dataAnalytics": 69.289539411}